alpha,gamma05_par8c_rl,gamma05_par8c_hc,gamma50_par8c_rl,gamma50_par8c_hc,gamma95_par8c_rl,gamma95_par8c_hc,gamma05_tree8d_rl,gamma05_tree8d_hc,gamma50_tree8d_rl,gamma50_tree8d_hc,gamma95_tree8d_rl,gamma95_tree8d_hc,gamma05_dag8d_rl,gamma05_dag8d_hc,gamma50_dag8d_rl,gamma50_dag8d_hc,gamma95_dag8d_rl,gamma95_dag8d_hc
0.25,0.25198374310661764,0.250830078125,0.2509006476944863,0.2497216796875,0.2808113339095972,0.250732421875,0.252703043134134,0.2479150390625,0.2571738279807207,0.249599609375,0.2662681285987911,0.251015625,0.251573693539916,0.2500146484375,0.2515527535232843,0.249345703125,0.2591773801620452,0.2504931640625
0.3,0.3123309213166861,0.300625,0.3184370888453442,0.299580078125,0.36053662401567005,0.298359375,0.3118347401003968,0.2993277420343137,0.3175542971686989,0.29866408164828434,0.32440362520662447,0.2991357421875,0.3018896484375,0.299345703125,0.30340754463751307,0.2970458984375,0.3122387026438042,0.299033203125
0.35,0.41485489502065886,0.3508935546875,0.4377912696341064,0.3486328125,0.48756684880592827,0.3489298789828431,0.3666951804791919,0.349365234375,0.37610943058547586,0.3485400390625,0.38393465361669293,0.347880859375,0.3524058314732143,0.35087890625,0.3621867842432931,0.349755859375,0.36587950102642075,0.34978515625
0.4,0.5356495873730033,0.3998486328125,0.5505252321573114,0.400832395067402,0.6190780395065931,0.3999951171875,0.42853762656090644,0.400771484375,0.4395205942076157,0.4002685546875,0.4437782243928035,0.40149571078431373,0.40778231858364344,0.400107421875,0.4156543795208129,0.3994778262867647,0.42299016807562717,0.3996875
0.45,0.7025620179781774,0.4502099609375,0.6898341349544258,0.4482887178308823,0.7718356658991813,0.4630024484978393,0.4946076570985777,0.44984551164215686,0.5051975540311529,0.451279296875,0.5033435813343604,0.44766383272058824,0.481150670522063,0.449345703125,0.48621500493107034,0.45123046875,0.48448797201204896,0.448740234375
