alpha,gamma05_tree8d_rl,gamma05_tree8d_hc,gamma50_tree8d_rl,gamma50_tree8d_hc,gamma95_tree8d_rl,gamma95_tree8d_hc,gamma05_par8c_rl,gamma05_par8c_hc,gamma50_par8c_rl,gamma50_par8c_hc,gamma95_par8c_rl,gamma95_par8c_hc,gamma05_dag8d_rl,gamma05_dag8d_hc,gamma50_dag8d_rl,gamma50_dag8d_hc,gamma95_dag8d_rl,gamma95_dag8d_hc
0.25,0.25201171875,0.2479150390625,0.2508984375,0.249599609375,0.2647455069709645,0.251015625,0.25198374310661764,0.250830078125,0.2506494140625,0.2497216796875,0.2668027258286362,0.250732421875,0.25141553691789215,0.2500146484375,0.24987217699579833,0.249345703125,0.2591773801620452,0.2504931640625
0.3,0.302314453125,0.2993277420343137,0.301005859375,0.29866408164828434,0.3241166721627086,0.2991357421875,0.30010623468137254,0.300625,0.30002173330269605,0.299580078125,0.34474844042225383,0.298359375,0.30020177367822126,0.299345703125,0.30179406140505,0.2970458984375,0.3102288265939926,0.299033203125
0.35,0.366081114407529,0.349365234375,0.3514013671875,0.3485400390625,0.38300180512703086,0.347880859375,0.34945601292299294,0.3508935546875,0.361515642152344,0.3486328125,0.44191327939063235,0.3489298789828431,0.3515171595982143,0.35087890625,0.35532005055242316,0.349755859375,0.36587950102642075,0.34978515625
0.4,0.4209887677396126,0.400771484375,0.4213584371712091,0.4002685546875,0.4435820511933191,0.40149571078431373,0.4957271915830067,0.3998486328125,0.4943683184598896,0.400832395067402,0.6190780395065931,0.3999951171875,0.40534385937309786,0.400107421875,0.4107548628543253,0.3994778262867647,0.42299016807562717,0.3996875
0.45,0.48406605554479787,0.44984551164215686,0.46951962140861814,0.451279296875,0.47812967347961843,0.44766383272058824,0.7025620179781774,0.4502099609375,0.6752547426296757,0.4482887178308823,0.7295969170843246,0.4630024484978393,0.481150670522063,0.449345703125,0.48621500493107034,0.45123046875,0.4673791142587287,0.448740234375
