alpha,gamma05_par8c_rl,gamma05_par8c_hc,gamma50_par8c_rl,gamma50_par8c_hc,gamma95_par8c_rl,gamma95_par8c_hc,gamma05_dag8d_rl,gamma05_dag8d_hc,gamma50_dag8d_rl,gamma50_dag8d_hc,gamma95_dag8d_rl,gamma95_dag8d_hc,gamma05_tree8d_rl,gamma05_tree8d_hc,gamma50_tree8d_rl,gamma50_tree8d_hc,gamma95_tree8d_rl,gamma95_tree8d_hc
0.25,0.22777195819768103,0.250830078125,0.24726616456741135,0.2497216796875,0.2668027258286362,0.250732421875,0.2502685546875,0.2500146484375,0.24865620631191537,0.249345703125,0.2591773801620452,0.2504931640625,0.23744548133306373,0.2479150390625,0.2491604307324144,0.249599609375,0.2647455069709645,0.251015625
0.3,0.28813583669182,0.300625,0.2990980714990549,0.299580078125,0.34474844042225383,0.298359375,0.299025026807598,0.299345703125,0.30179406140505,0.2970458984375,0.3102288265939926,0.299033203125,0.2941883382078813,0.2993277420343137,0.29867849706635596,0.29866408164828434,0.3241166721627086,0.2991357421875
0.35,0.3328509809046533,0.3508935546875,0.361515642152344,0.3486328125,0.44191327939063235,0.3489298789828431,0.34153281721644113,0.35087890625,0.35532005055242316,0.349755859375,0.36587950102642075,0.34978515625,0.33502392215862337,0.349365234375,0.3457601939755861,0.3485400390625,0.38300180512703086,0.347880859375
0.4,0.3890158226336252,0.3998486328125,0.4135968048030547,0.400832395067402,0.6190780395065931,0.3999951171875,0.40534385937309786,0.400107421875,0.4107548628543253,0.3994778262867647,0.42299016807562717,0.3996875,0.3941635857510227,0.400771484375,0.4213584371712091,0.4002685546875,0.4435820511933191,0.40149571078431373
0.45,0.45551921095284315,0.4502099609375,0.4780893834989803,0.4482887178308823,0.7295969170843246,0.4630024484978393,0.4260172716947682,0.449345703125,0.4479085254389033,0.45123046875,0.4641366175376321,0.448740234375,0.4513013748468137,0.44984551164215686,0.45603928515625114,0.451279296875,0.47812967347961843,0.44766383272058824
